"id","serial","pin","value","status","used_by","used_at","created_at"
"1","RA50EICYD7","U61YIA","10","unused",NULL,NULL,"2025-07-27 00:31:25"
"2","DX31AZEPG2","0FIXVO","10","unused",NULL,NULL,"2025-07-27 00:31:25"
"3","TDX2RQ803A","9OKU83","10","unused",NULL,NULL,"2025-07-27 00:31:25"
"4","LX1DNSPUJY","YRG61V","10","unused",NULL,NULL,"2025-07-27 00:31:25"
"5","L76R0DZ3XV","2VL86X","10","unused",NULL,NULL,"2025-07-27 00:31:25"
"6","MCJO6GDV4P","USYCJD","10","unused",NULL,NULL,"2025-07-27 00:31:25"
"7","9KHO1S7PWU","JNCU8Y","10","unused",NULL,NULL,"2025-07-27 00:31:25"
"8","WDMHFYRUCK","SXJE1B","10","unused",NULL,NULL,"2025-07-27 00:31:25"
"9","68TJRDMZUG","5FP49B","10","unused",NULL,NULL,"2025-07-27 00:31:25"
"10","X8M9JOWL6G","D9037E","10","unused",NULL,NULL,"2025-07-27 00:31:25"
"11","2YJE61IFD4","TBJO7N","10","unused",NULL,NULL,"2025-07-27 00:31:25"
"12","BPGU7Z3O1D","HDAKZV","10","unused",NULL,NULL,"2025-07-27 00:31:25"
"13","D6K2JTF1A3","WL05OC","10","unused",NULL,NULL,"2025-07-27 00:31:25"
"14","1YATGVZNUF","MRL9B6","10","unused",NULL,NULL,"2025-07-27 00:31:25"
"15","7PLSURHBQZ","FPD1A5","10","unused",NULL,NULL,"2025-07-27 00:31:25"
"16","BVG3FSJ126","RIV7P8","10","unused",NULL,NULL,"2025-07-27 00:31:25"
"17","3Q9I0XVE4L","ZXQIKA","10","unused",NULL,NULL,"2025-07-27 00:31:25"
"18","RK7JVSFNTY","Q3AB64","10","unused",NULL,NULL,"2025-07-27 00:31:25"
"19","4R6EZWHXAT","JCLHR0","10","unused",NULL,NULL,"2025-07-27 00:31:25"
"20","QZWEGV9K0H","EGV41N","10","unused",NULL,NULL,"2025-07-27 00:31:25"
"21","SH9UD1VW6C","7TGUBD","10","unused",NULL,NULL,"2025-07-27 00:31:25"
"22","R4OPLX6275","5KSPOY","10","unused",NULL,NULL,"2025-07-27 00:31:25"
"23","Q0V5YWB7NF","N692XM","10","unused",NULL,NULL,"2025-07-27 00:31:25"
"24","VTUCZ5WSE1","PL1ABT","10","unused",NULL,NULL,"2025-07-27 00:31:25"
"25","HTNQUD67W5","25HJVW","10","unused",NULL,NULL,"2025-07-27 00:31:25"
